{
  "num_activities": 3,
  "total_distance_km": 20.71,
  "total_time_hours": 2.0741666666666667,
  "avg_cadence": 165.66666666666666,
  "max_cadence": 179.0,
  "min_cadence": 160.0,
  "cadence_range": 19.0,
  "avg_hr": 149.0,
  "max_hr": 180.0,
  "min_hr": 145.0,
  "hr_zone_efficiency": 82.77777777777777,
  "avg_vertical_oscillation": 8.466666666666667,
  "avg_vertical_ratio": 8.333333333333334,
  "avg_ground_contact_time": 269.3333333333333,
  "avg_step_speed_loss_cms": 21.766666666666666,
  "avg_step_speed_loss_pct": 7.569999999999999,
  "avg_stride_length": 1.0,
  "avg_gct_balance_left": 50.23333333333333,
  "avg_gct_balance_right": 49.76666666666667,
  "avg_pace_min_km": 5.977777777777778,
  "avg_power": 293.6666666666667,
  "total_aerobic_te": 14.0,
  "avg_aerobic_te": 4.666666666666667,
  "total_calories": 1461.0
}